"TotalBets","TotalStake","TotalProfit","ROI","Year"
380,1000,-55.4473684210526,-5.54473684210526,2021
380,1000,57.0526315789474,5.70526315789474,2022
380,1000,31.2368421052632,3.12368421052631,2023
380,1000,25.8684210526316,2.58684210526316,2024
380,1000,-34.6842105263158,-3.46842105263158,2025
